{"cameraMode":{"drawMode":0,"name":"Shaded","section":"Shading Mode"},"sceneLighting":true,"audioPlay":false,"sceneViewState":{"m_AlwaysRefresh":false,"showFog":true,"showSkybox":true,"showFlares":true,"showImageEffects":true,"showParticleSystems":true,"showVisualEffectGraphs":true,"m_FxEnabled":true},"in2DMode":false,"pivot":{"x":86.05563354492188,"y":60.98320007324219,"z":-365.7017517089844},"rotation":{"x":-0.13043516874313355,"y":-0.005356952082365751,"z":0.0007046154350973666,"w":-0.9914404153823853},"size":33.10660934448242,"orthographic":false}